{"polyfill":["/polyfill-d0a90a918e39f7bd0bdc.js"],"app":["/app-764ff675da03999d1db5.js"],"component---src-pages-404-js":["/component---src-pages-404-js-1cbd021a0c7c907201fb.js"],"component---src-pages-about-js":["/component---src-pages-about-js-a93ae0788bc162b43c14.js"],"component---src-pages-blog-js":["/component---src-pages-blog-js-4d806caffa80a9ea7bab.js"],"component---src-pages-index-js":["/component---src-pages-index-js-57060a67b686e6142d85.js"],"component---src-pages-using-typescript-tsx":["/component---src-pages-using-typescript-tsx-c8dea8ba9bc3c09a6d3f.js"],"component---src-templates-blog-post-js":["/component---src-templates-blog-post-js-708cd220fdbc149d3721.js"]}