{"errors":[],"warnings":[],"namedChunkGroups":{"polyfill":{"chunks":[3,12],"assets":["webpack-runtime-2f3d30bea9b70422df2f.js","webpack-runtime-2f3d30bea9b70422df2f.js.map","polyfill-d0a90a918e39f7bd0bdc.js","polyfill-d0a90a918e39f7bd0bdc.js.map"],"children":{},"childAssets":{}},"app":{"chunks":[3,11,13,4],"assets":["webpack-runtime-2f3d30bea9b70422df2f.js","webpack-runtime-2f3d30bea9b70422df2f.js.map","framework-58f863d6aa18c11a521f.js","framework-58f863d6aa18c11a521f.js.map","styles.354c99410984045a18ea.css","styles-83801f3b4dd3459a4027.js","styles-83801f3b4dd3459a4027.js.map","app-764ff675da03999d1db5.js","app-764ff675da03999d1db5.js.map"],"children":{},"childAssets":{}},"component---src-pages-404-js":{"chunks":[0,5],"assets":["commons-755b2010dd164bc7fa40.js","commons-755b2010dd164bc7fa40.js.map","component---src-pages-404-js-1cbd021a0c7c907201fb.js","component---src-pages-404-js-1cbd021a0c7c907201fb.js.map"],"children":{},"childAssets":{}},"component---src-pages-about-js":{"chunks":[0,1,6],"assets":["commons-755b2010dd164bc7fa40.js","commons-755b2010dd164bc7fa40.js.map","1dbb7366dcf497f97e586e06bc6edbad208f3651-52c49800a4abeb7cd5ab.js","1dbb7366dcf497f97e586e06bc6edbad208f3651-52c49800a4abeb7cd5ab.js.map","component---src-pages-about-js-a93ae0788bc162b43c14.js","component---src-pages-about-js-a93ae0788bc162b43c14.js.map"],"children":{},"childAssets":{}},"component---src-pages-blog-js":{"chunks":[0,1,7],"assets":["commons-755b2010dd164bc7fa40.js","commons-755b2010dd164bc7fa40.js.map","1dbb7366dcf497f97e586e06bc6edbad208f3651-52c49800a4abeb7cd5ab.js","1dbb7366dcf497f97e586e06bc6edbad208f3651-52c49800a4abeb7cd5ab.js.map","component---src-pages-blog-js-4d806caffa80a9ea7bab.js","component---src-pages-blog-js-4d806caffa80a9ea7bab.js.map"],"children":{},"childAssets":{}},"component---src-pages-index-js":{"chunks":[0,1,2,8],"assets":["commons-755b2010dd164bc7fa40.js","commons-755b2010dd164bc7fa40.js.map","1dbb7366dcf497f97e586e06bc6edbad208f3651-52c49800a4abeb7cd5ab.js","1dbb7366dcf497f97e586e06bc6edbad208f3651-52c49800a4abeb7cd5ab.js.map","cd7d5f864fc9e15ed8adef086269b0aeff617554-be4ba799166dcf0d5fd9.js","cd7d5f864fc9e15ed8adef086269b0aeff617554-be4ba799166dcf0d5fd9.js.map","component---src-pages-index-js-57060a67b686e6142d85.js","component---src-pages-index-js-57060a67b686e6142d85.js.map"],"children":{},"childAssets":{}},"component---src-pages-using-typescript-tsx":{"chunks":[0,9],"assets":["commons-755b2010dd164bc7fa40.js","commons-755b2010dd164bc7fa40.js.map","component---src-pages-using-typescript-tsx-c8dea8ba9bc3c09a6d3f.js","component---src-pages-using-typescript-tsx-c8dea8ba9bc3c09a6d3f.js.map"],"children":{},"childAssets":{}},"component---src-templates-blog-post-js":{"chunks":[0,1,2,10],"assets":["commons-755b2010dd164bc7fa40.js","commons-755b2010dd164bc7fa40.js.map","1dbb7366dcf497f97e586e06bc6edbad208f3651-52c49800a4abeb7cd5ab.js","1dbb7366dcf497f97e586e06bc6edbad208f3651-52c49800a4abeb7cd5ab.js.map","cd7d5f864fc9e15ed8adef086269b0aeff617554-be4ba799166dcf0d5fd9.js","cd7d5f864fc9e15ed8adef086269b0aeff617554-be4ba799166dcf0d5fd9.js.map","component---src-templates-blog-post-js-708cd220fdbc149d3721.js","component---src-templates-blog-post-js-708cd220fdbc149d3721.js.map"],"children":{},"childAssets":{}}},"assetsByChunkName":{"polyfill":["webpack-runtime-2f3d30bea9b70422df2f.js","polyfill-d0a90a918e39f7bd0bdc.js"],"app":["webpack-runtime-2f3d30bea9b70422df2f.js","framework-58f863d6aa18c11a521f.js","styles.354c99410984045a18ea.css","styles-83801f3b4dd3459a4027.js","app-764ff675da03999d1db5.js"],"component---src-pages-404-js":["commons-755b2010dd164bc7fa40.js","component---src-pages-404-js-1cbd021a0c7c907201fb.js"],"component---src-pages-about-js":["commons-755b2010dd164bc7fa40.js","1dbb7366dcf497f97e586e06bc6edbad208f3651-52c49800a4abeb7cd5ab.js","component---src-pages-about-js-a93ae0788bc162b43c14.js"],"component---src-pages-blog-js":["commons-755b2010dd164bc7fa40.js","1dbb7366dcf497f97e586e06bc6edbad208f3651-52c49800a4abeb7cd5ab.js","component---src-pages-blog-js-4d806caffa80a9ea7bab.js"],"component---src-pages-index-js":["commons-755b2010dd164bc7fa40.js","1dbb7366dcf497f97e586e06bc6edbad208f3651-52c49800a4abeb7cd5ab.js","cd7d5f864fc9e15ed8adef086269b0aeff617554-be4ba799166dcf0d5fd9.js","component---src-pages-index-js-57060a67b686e6142d85.js"],"component---src-pages-using-typescript-tsx":["commons-755b2010dd164bc7fa40.js","component---src-pages-using-typescript-tsx-c8dea8ba9bc3c09a6d3f.js"],"component---src-templates-blog-post-js":["commons-755b2010dd164bc7fa40.js","1dbb7366dcf497f97e586e06bc6edbad208f3651-52c49800a4abeb7cd5ab.js","cd7d5f864fc9e15ed8adef086269b0aeff617554-be4ba799166dcf0d5fd9.js","component---src-templates-blog-post-js-708cd220fdbc149d3721.js"]}}